-- Creators
INSERT IGNORE INTO creator (id, sub, username, active) VALUES
(1, 'creator-dummy-001', 'Maya Carter', true),
(2, 'creator-dummy-002', 'Ethan Rivers', true),
(3, 'creator-dummy-003', 'Lena Harper', true),
(4, 'creator-dummy-004', 'Jonah Blake', true),
(5, 'creator-dummy-005', 'Ava Thompson', true),
(6, 'creator-dummy-006', 'Noah Gallagher', true),
(7, 'creator-dummy-007', 'Sophie Bennett', true),
(8, 'creator-dummy-008', 'Lucas Moreno', true),
(9, 'creator-dummy-009', 'Olivia Hayes', true),
(10, 'creator-dummy-010', 'Jasper Cole', true),
(11, 'creator-dummy-011', 'Chloe Turner', true),
(12, 'creator-dummy-012', 'Miles Donovan', true),
(13, 'creator-dummy-013', 'Isla Parker', true),
(14, 'creator-dummy-014', 'Ryan Fletcher', true),
(15, 'creator-dummy-015', 'Nina Alvarez', true),
(16, 'creator-dummy-016', 'Owen Brooks', true),
(17, 'creator-dummy-017', 'Ella Montgomery', true),
(18, 'creator-dummy-018', 'Liam Hart', true),
(19, 'creator-dummy-019', 'Zoe Sinclair', true),
(20, 'creator-dummy-020', 'Adam Keller', true);

-- Creator -> Albums
INSERT IGNORE INTO creator_albums (creator_id, album_id) VALUES
(1, 1),
(2, 1),
(3, 2),
(4, 2),
(5, 3),
(6, 3),
(7, 4),
(8, 4),
(9, 5),
(10, 5),
(11, 6),
(12, 6),
(13, 7),
(14, 7),
(15, 8),
(16, 8),
(17, 9),
(18, 9),
(19, 10),
(20, 10);

-- Creator -> Songs
INSERT IGNORE INTO creator_songs (creator_id, song_id) VALUES
(1, 1),
(1, 2),
(1, 3),
(1, 4),
(1, 5),
(1, 6),
(1, 7),
(1, 8),
(1, 9),
(1, 10),
(2, 1),
(2, 2),
(2, 3),
(2, 4),
(2, 5),(2, 6),
(2, 7),
(2, 8),
(2, 9),
(2, 10),
(3, 11),
(3, 12),
(3, 13),
(3, 14),
(3, 15),
(3, 16),
(3, 17),
(3, 18),
(3, 19),
(3, 20),
(4, 11),
(4, 12),
(4, 13),
(4, 14),
(4, 15),
(4, 16),
(4, 17),
(4, 18),
(4, 19),
(4, 20),
(5, 21),
(5, 22),
(5, 23),
(5, 24),
(5, 25),
(5, 26),
(5, 27),
(5, 28),
(5, 29),
(5, 30),
(6, 21),
(6, 22),
(6, 23),
(6, 24),
(6, 25),
(6, 26),
(6, 27),
(6, 28),
(6, 29),
(6, 30),
(7, 31),
(7, 32),
(7, 33),
(7, 34),
(7, 35),
(7, 36),
(7, 37),
(7, 38),
(7, 39),
(7, 40),
(8, 31),
(8, 32),
(8, 33),
(8, 34),
(8, 35),
(8, 36),
(8, 37),
(8, 38),
(8, 39),
(8, 40),
(9, 41),
(9, 42),
(9, 43),
(9, 44),
(9, 45),
(9, 46),
(9, 47),
(9, 48),
(9, 49),
(9, 50),
(10, 41),
(10, 42),
(10, 43),
(10, 44),
(10, 45),
(10, 46),
(10, 47),
(10, 48),
(10, 49),
(10, 50),
(11, 51),
(11, 52),
(11, 53),
(11, 54),
(11, 55),
(11, 56),
(11, 57),
(11, 58),
(11, 59),
(11, 60),
(12, 51),
(12, 52),
(12, 53),
(12, 54),
(12, 55),
(12, 56),
(12, 57),
(12, 58),
(12, 59),
(12, 60),
(13, 61),
(13, 62),
(13, 63),
(13, 64),
(13, 65),
(13, 66),
(13, 67),
(13, 68),
(13, 69),
(13, 70),
(14, 61),
(14, 62),
(14, 63),
(14, 64),
(14, 65),
(14, 66),
(14, 67),
(14, 68),
(14, 69),
(14, 70),
(15, 71),
(15, 72),
(15, 73),
(15, 74),
(15, 75),
(15, 76),
(15, 77),
(15, 78),
(15, 79),
(15, 80),
(16, 71),
(16, 72),
(16, 73),
(16, 74),
(16, 75),
(16, 76),
(16, 77),
(16, 78),
(16, 79),
(16, 80),
(17, 81),
(17, 82),
(17, 83),
(17, 84),
(17, 85),
(17, 86),
(17, 87),
(17, 88),
(17, 89),
(17, 90),
(18, 81),
(18, 82),
(18, 83),
(18, 84),
(18, 85),
(18, 86),
(18, 87),
(18, 88),
(18, 89),
(18, 90),
(19, 91),
(19, 92),
(19, 93),
(19, 94),
(19, 95),
(19, 96),
(19, 97),
(19, 98),
(19, 99),
(19, 100),
(20, 91),
(20, 92),
(20, 93),
(20, 94),
(20, 95),
(20, 96),
(20, 97),
(20, 98),
(20, 99),
(20, 100);

-- Creator -> Video Playlists
INSERT IGNORE INTO creator_video_playlists (creator_id, video_playlist_id) VALUES
(1, 8),
(2, 9),
(3, 9),
(4, 10),
(5, 10),
(6, 1),
(7, 1),
(8, 2),
(9, 2),
(10, 3),
(11, 3),
(12, 4),
(13, 4),
(14, 5),
(15, 5),
(16, 6),
(17, 6),
(18, 7),
(19, 7),
(20, 8);

-- Creator -> Video Clips
INSERT IGNORE INTO creator_video_clips (creator_id, video_clip_id) VALUES
(1, 71),
(1, 72),
(1, 73),
(1, 74),
(1, 75),
(1, 76),
(1, 77),
(1, 78),
(1, 79),
(1, 80),
(2, 81),
(2, 82),
(2, 83),
(2, 84),
(2, 85),
(2, 86),
(2, 87),
(2, 88),
(2, 89),
(2, 90),
(3, 81),
(3, 82),
(3, 83),
(3, 84),
(3, 85),
(3, 86),
(3, 87),
(3, 88),
(3, 89),
(3, 90),
(4, 91),
(4, 92),
(4, 93),
(4, 94),
(4, 95),
(4, 96),
(4, 97),
(4, 98),
(4, 99),
(4, 100),
(5, 91),
(5, 92),
(5, 93),
(5, 94),
(5, 95),
(5, 96),
(5, 97),
(5, 98),
(5, 99),
(5, 100),
(6, 1),
(6, 2),
(6, 3),
(6, 4),
(6, 5),
(6, 6),
(6, 7),
(6, 8),
(6, 9),
(6, 10),
(7, 1),
(7, 2),
(7, 3),
(7, 4),
(7, 5),
(7, 6),
(7, 7),
(7, 8),
(7, 9),
(7, 10),
(8, 11),
(8, 12),
(8, 13),
(8, 14),
(8, 15),
(8, 16),
(8, 17),
(8, 18),
(8, 19),
(8, 20),
(9, 11),
(9, 12),
(9, 13),
(9, 14),
(9, 15),
(9, 16),
(9, 17),
(9, 18),
(9, 19),
(9, 20),
(10, 21),
(10, 22),
(10, 23),
(10, 24),
(10, 25),
(10, 26),
(10, 27),
(10, 28),
(10, 29),
(10, 30),
(11, 21),
(11, 22),
(11, 23),
(11, 24),
(11, 25),
(11, 26),
(11, 27),
(11, 28),
(11, 29),
(11, 30),
(12, 31),
(12, 32),
(12, 33),
(12, 34),
(12, 35),
(12, 36),
(12, 37),
(12, 38),
(12, 39),
(12, 40),
(13, 31),
(13, 32),
(13, 33),
(13, 34),
(13, 35),
(13, 36),
(13, 37),
(13, 38),
(13, 39),
(13, 40),
(14, 41),
(14, 42),
(14, 43),
(14, 44),
(14, 45),
(14, 46),
(14, 47),
(14, 48),
(14, 49),
(14, 50),
(15, 41),
(15, 42),
(15, 43),
(15, 44),
(15, 45),
(15, 46),
(15, 47),
(15, 48),
(15, 49),
(15, 50),
(16, 51),
(16, 52),
(16, 53),
(16, 54),
(16, 55),
(16, 56),
(16, 57),
(16, 58),
(16, 59),
(16, 60),
(17, 51),
(17, 52),
(17, 53),
(17, 54),
(17, 55),
(17, 56),
(17, 57),
(17, 58),
(17, 59),
(17, 60),
(18, 61),
(18, 62),
(18, 63),
(18, 64),
(18, 65),
(18, 66),
(18, 67),
(18, 68),
(18, 69),
(18, 70),
(19, 61),
(19, 62),
(19, 63),
(19, 64),
(19, 65),
(19, 66),
(19, 67),
(19, 68),
(19, 69),
(19, 70),
(20, 71),
(20, 72),
(20, 73),
(20, 74),
(20, 75),
(20, 76),
(20, 77),
(20, 78),
(20, 79),
(20, 80);


-- Creator -> Podcast Seasons
INSERT IGNORE INTO creator_podcast_seasons (creator_id, podcast_season_id) VALUES
(1, 6),
(2, 6),
(3, 7),
(4, 7),
(5, 8),
(6, 8),
(7, 9),
(8, 9),
(9, 10),
(10, 10),
(11, 1),
(12, 1),
(13, 2),
(14, 2),
(15, 3),
(16, 3),
(17, 4),
(18, 4),
(19, 5),
(20, 5);

-- Creator -> Podcast Episodes
INSERT IGNORE INTO creator_podcast_episodes (creator_id, podcast_episode_id) VALUES
(1, 51),
(1, 52),
(1, 53),
(1, 54),
(1, 55),
(1, 56),
(1, 57),
(1, 58),
(1, 59),
(1, 60),
(2, 51),
(2, 52),
(2, 53),
(2, 54),
(2, 55),
(2, 56),
(2, 57),
(2, 58),
(2, 59),
(2, 60),
(3, 61),
(3, 62),
(3, 63),
(3, 64),
(3, 65),
(3, 66),
(3, 67),
(3, 68),
(3, 69),
(3, 70),
(4, 61),
(4, 62),
(4, 63),
(4, 64),
(4, 65),
(4, 66),
(4, 67),
(4, 68),
(4, 69),
(4, 70),
(5, 71),
(5, 72),
(5, 73),
(5, 74),
(5, 75),
(5, 76),
(5, 77),
(5, 78),
(5, 79),
(5, 80),
(6, 71),
(6, 72),
(6, 73),
(6, 74),
(6, 75),
(6, 76),
(6, 77),
(6, 78),
(6, 79),
(6, 80),
(7, 81),
(7, 82),
(7, 83),
(7, 84),
(7, 85),
(7, 86),
(7, 87),
(7, 88),
(7, 89),
(7, 90),
(8, 81),
(8, 82),
(8, 83),
(8, 84),
(8, 85),
(8, 86),
(8, 87),
(8, 88),
(8, 89),
(8, 90),
(9, 91),
(9, 92),
(9, 93),
(9, 94),
(9, 95),
(9, 96),
(9, 97),
(9, 98),
(9, 99),
(9, 100),
(10, 91),
(10, 92),
(10, 93),
(10, 94),
(10, 95),
(10, 96),
(10, 97),
(10, 98),
(10, 99),
(10, 100),
(11, 1),
(11, 2),
(11, 3),
(11, 4),
(11, 5),
(11, 6),
(11, 7),
(11, 8),
(11, 9),
(11, 10),
(12, 1),
(12, 2),
(12, 3),
(12, 4),
(12, 5),
(12, 6),
(12, 7),
(12, 8),
(12, 9),
(12, 10),
(13, 11),
(13, 12),
(13, 13),
(13, 14),
(13, 15),
(13, 16),
(13, 17),
(13, 18),
(13, 19),
(13, 20),
(14, 11),
(14, 12),
(14, 13),
(14, 14),
(14, 15),
(14, 16),
(14, 17),
(14, 18),
(14, 19),
(14, 20),
(15, 21),
(15, 22),
(15, 23),
(15, 24),
(15, 25),
(15, 26),
(15, 27),
(15, 28),
(15, 29),
(15, 30),
(16, 21),
(16, 22),
(16, 23),
(16, 24),
(16, 25),
(16, 26),
(16, 27),
(16, 28),
(16, 29),
(16, 30),
(17, 31),
(17, 32),
(17, 33),
(17, 34),
(17, 35),
(17, 36),
(17, 37),
(17, 38),
(17, 39),
(17, 40),
(18, 31),
(18, 32),
(18, 33),
(18, 34),
(18, 35),
(18, 36),
(18, 37),
(18, 38),
(18, 39),
(18, 40),
(19, 41),
(19, 42),
(19, 43),
(19, 44),
(19, 45),
(19, 46),
(19, 47),
(19, 48),
(19, 49),
(19, 50),
(20, 41),
(20, 42),
(20, 43),
(20, 44),
(20, 45),
(20, 46),
(20, 47),
(20, 48),
(20, 49),
(20, 50);